"Area","Information","1997","1998","1999","2000","2001","2002","2003","2004","2005","2006","2007","2008","2009","2010","2011","2012","2013","2014","2015","2016","2017","2018","2019","2020","2021","2022","2023"
"Akaa","Population density",54.1,54.2,54.5,54.5,54.7,55.1,55.6,55.8,56,56.6,57.1,57.4,57.5,58,58.3,58.4,58.4,58.2,58.1,57.7,57.2,56.6,56.2,55.9,56.2,56.2,55.9
"Alaj�rvi","Population density",11.7,11.6,11.5,11.4,11.2,11.1,11,10.9,10.8,10.7,10.6,10.5,10.5,10.4,10.2,10.2,10.1,10.1,9.9,9.8,9.7,9.6,9.5,9.3,9.2,9.1,9
"Alavieska","Population density",12.2,12.1,11.9,11.7,11.5,11.5,11.5,11.5,11.4,11.2,11.2,11,11,11,10.9,11,10.9,10.7,10.7,10.5,10.4,10.2,10,10,9.9,9.7,9.7
"Alavus","Population density",12.2,12.2,12.1,12.1,12,11.9,11.8,11.8,11.8,11.8,11.7,11.7,11.6,11.4,11.4,11.3,11.2,11.1,11.1,11,10.8,10.6,10.5,10.4,10.3,10.2,10.1
"Asikkala","Population density",15.4,15.3,15.3,15.3,15.4,15.3,15.2,15.2,15.2,15.3,15.4,15.3,15.2,15.2,15.1,15,14.9,14.9,14.7,14.8,14.6,14.5,14.3,14.3,14.3,14.2,14.1
"Askola","Population density",20.2,20.2,20.4,20.6,20.7,20.8,21,21.2,21.4,21.8,22.2,22.4,22.7,22.9,23.1,23.5,23.5,23.8,24,23.8,23.5,23.3,23.3,23,22.8,22.4,22.1
"Aura","Population density",34.6,34.6,34.9,35.1,35.5,36.4,36.9,38,38.9,39.5,40.2,40.5,40.4,41.2,41.8,41.8,41.7,41.9,42,41.9,42,41.9,41.5,41.7,41.6,41.7,41.7
"Br�nd�","Population density",5.2,5.1,5,5,4.9,4.9,5,5,4.8,4.8,4.7,4.8,4.6,4.5,4.4,4.4,4.4,4.4,4.4,4.4,4.2,4.2,4.1,4.2,4.2,4.2,4
"Ecker�","Population density",7.3,7.5,7.6,7.5,7.5,8,8,8.1,8.6,8.6,8.6,8.6,8.6,8.8,9.1,8.9,8.8,8.7,8.7,8.6,8.8,8.9,8.8,8.9,8.7,8.7,8.7
"Enonkoski","Population density",6.1,6,5.9,5.8,5.6,5.6,5.4,5.4,5.3,5.3,5.2,5.4,5.3,5.3,5.1,5,5,4.9,4.8,4.8,4.6,4.6,4.5,4.5,4.5,4.4,4.3
"Enonteki�","Population density",0.3,0.3,0.3,0.3,0.3,0.3,0.3,0.2,0.3,0.3,0.2,0.2,0.2,0.2,0.2,0.2,0.2,0.2,0.2,0.2,0.2,0.2,0.2,0.2,0.2,0.2,0.2
"Espoo","Population density",643.9,657.1,672.2,683.8,695.2,710.5,718.9,729.3,742.6,753.2,762.5,773.7,782.6,794.1,808.6,822.6,835.2,850.6,864.1,879.3,893.5,908.1,927.7,937.5,951.3,977.3,1005.3
"Eura","Population density",22.7,22.5,22.4,22.3,22.2,22.1,22,22,22.1,22.1,21.9,21.7,21.7,21.6,21.5,21.4,21.4,21.3,21,20.7,20.6,20.3,20.1,19.8,19.7,19.5,19.3
"Eurajoki","Population density",18.6,18.4,18.2,18.2,17.9,17.8,17.8,17.9,17.8,17.8,17.8,17.9,17.9,18,17.9,18,18,18.1,18,18.3,18.5,18.4,18.3,18.4,18.1,17.9,17.8
"Evij�rvi","Population density",9,8.9,8.8,8.6,8.5,8.4,8.4,8.3,8.2,8.1,8,7.9,7.8,7.8,7.8,7.6,7.6,7.5,7.3,7.2,7.1,7,6.8,6.8,6.8,6.6,6.5
"Finstr�m","Population density",18.7,18.8,18.8,18.9,19,19.2,19.5,19.8,19.8,20,19.9,20.1,20.2,20.3,20.5,20.5,20.4,20.6,20.5,21,20.9,21,21,21.1,21.4,21,21.1
"Forssa","Population density",76.7,75.6,74.8,74.2,73.4,73,72.6,72.5,72.3,72.2,72,71.8,71.6,72,71.7,71.3,71,70.4,70,69.7,69.1,68.5,67.9,67.5,66.6,66.1,66.2
"F�gl�","Population density",4.6,4.5,4.6,4.5,4.5,4.6,4.6,4.6,4.4,4.3,4.3,4.3,4.2,4.3,4.3,4.3,4.2,4.2,4.1,4.2,3.9,4,3.9,3.9,3.7,3.7,3.8
"Geta","Population density",5.7,5.6,5.7,5.7,5.6,5.6,5.5,5.5,5.3,5.3,5.3,5.4,5.4,5.6,5.8,5.9,5.9,5.8,5.9,5.9,5.9,6.1,5.9,6,6,6,6
"Haapaj�rvi","Population density",10.9,10.8,10.6,10.5,10.5,10.4,10.3,10.3,10.3,10.3,10.3,10.2,10.1,10,9.9,10,9.9,9.8,9.7,9.6,9.5,9.3,9.1,9,8.9,8.7,8.6
"Haapavesi","Population density",7.9,7.8,7.7,7.6,7.5,7.5,7.5,7.4,7.3,7.2,7.2,7.1,7,7.1,7,6.9,6.9,6.8,6.8,6.8,6.6,6.5,6.4,6.3,6.3,6.3,6.2
"Hailuoto","Population density",5,5,5,4.9,5,5,5,5.1,4.9,5.1,5,5.2,5.1,5,5,4.9,5,5,4.9,4.9,4.8,4.8,4.7,4.6,4.6,4.7,4.6
"Halsua","Population density",3.9,3.8,3.9,3.7,3.7,3.6,3.6,3.5,3.5,3.4,3.3,3.3,3.2,3.1,3.1,3,3,3,3,3,2.8,2.8,2.7,2.7,2.6,2.5,2.5
"Hamina","Population density",36.6,36.5,36.2,36,35.8,35.8,35.9,36.1,36,35.8,35.7,35.4,35.2,35.1,35.1,34.9,34.8,34.5,34.2,33.8,33.6,33.3,33,32.6,32.3,32.1,32
"Hammarland","Population density",10,10,10.1,10.1,10.3,10.4,10.2,10.4,10,10.3,10.2,10.4,10.6,10.9,11,11,11.1,11.1,11.1,10.9,11.2,11.4,11.4,11.5,11.7,11.8,11.9
"Hankasalmi","Population density",10.3,10.3,10.2,10,10,9.8,9.8,9.8,9.8,9.7,9.6,9.7,9.6,9.7,9.6,9.5,9.5,9.3,9.2,9,8.8,8.6,8.5,8.4,8.2,8,8
"Hanko","Population density",91,89.7,89,87.7,87.4,87.4,86.6,86.5,83.7,82.8,82.7,82.3,82.1,80.9,80.6,79.3,77.9,77.2,75.8,74.1,72.8,71.4,69.8,68.5,67.9,66.7,65.7
"Harjavalta","Population density",66.2,65,64.6,63.5,62.6,62.3,62.2,62.3,62.1,62.4,61.9,61.4,61.1,61.1,60.8,60.6,60,59.7,59.1,58.6,57.9,56.8,56.1,55.6,54.9,54.7,54.3
"Hartola","Population density",7.3,7.2,7.2,7.1,7,7,6.9,6.8,6.8,6.6,6.6,6.4,6.2,6.2,6.1,5.9,5.7,5.7,5.5,5.4,5.3,5.1,5,4.9,4.8,4.7,4.7
"Hattula","Population density",23.8,23.7,23.9,23.9,24,24,24.1,24.3,24.4,24.7,24.7,26.7,26.9,27,27.1,27.2,27.1,27.2,27.2,27.1,26.9,26.5,26.3,26.2,26.3,26.2,26.2
"Hausj�rvi","Population density",22.9,22.8,22.8,22.8,23,23,23.3,23.5,23.7,24,24.1,24.3,22.6,22.6,22.6,22.8,22.6,22.6,22.4,22.2,21.8,21.6,21.2,21,20.9,20.6,20.5
"Heinola","Population density",31.9,31.7,31.4,31.1,30.8,30.8,30.7,30.7,30.6,30.5,30.5,30.4,30.1,30,29.8,29.7,29.6,29.1,29,28.6,28.3,27.9,27.6,27.4,27.1,26.8,26.6
"Hein�vesi","Population density",4.6,4.6,4.5,4.4,4.3,4.3,4.3,4.2,4.2,4.1,4,3.9,3.9,3.8,3.7,3.6,3.6,3.5,3.5,3.4,3.4,3.2,3.2,3.1,3,3,2.9
"Helsinki","Population density",2923.9,2961.5,2987.6,3011.2,3034.2,3034.2,3032.1,3030.6,3009.6,3029.2,3051,2707.2,2730.3,2753.4,2785.4,2825.6,2866.3,2901.6,2932.7,2965.2,3002.4,3024.7,3051.7,3065.6,3074.2,3096.9,3144.4
"Hirvensalmi","Population density",5.7,5.7,5.7,5.7,5.6,5.5,5.5,5.5,5.5,5.5,5.4,5.3,5.2,5.2,5.1,5.1,5,5,4.9,4.9,4.8,4.6,4.6,4.6,4.6,4.5,4.4
"Hollola","Population density",34.5,34.5,34.4,34.7,34.7,34.9,35.2,35.6,35.9,36,36.3,36.7,36.8,37,37.1,37.1,37,36.9,36.7,36.5,36.5,36.2,36,35.7,35.5,35.2,35.1
"Huittinen","Population density",21,20.8,20.8,20.7,20.6,20.5,20.4,20.4,20.2,20.2,20.1,20.1,20.1,20,20,19.9,19.8,19.7,19.7,19.5,19.2,18.9,18.9,18.7,18.5,18.3,18.1
"Humppila","Population density",17.6,17.6,17.5,17.5,17.8,17.7,17.5,17.6,17.6,17.5,17.3,17.1,17.1,16.9,16.9,16.9,16.6,16.5,16.1,15.8,15.5,15.1,14.8,14.7,14.6,14.6,14.4
"Hyrynsalmi","Population density",2.6,2.6,2.5,2.4,2.4,2.3,2.3,2.2,2.2,2.1,2.1,2,2,1.9,1.9,1.8,1.8,1.8,1.7,1.7,1.6,1.6,1.6,1.5,1.5,1.5,1.5
"Hyvink��","Population density",129,130,131,131.6,132.2,133,133.6,134.7,135.9,137.3,138.4,139.4,140.3,141,141.1,141.3,143.2,143.7,144,144.4,144.8,144.1,144,144.3,145.3,145,145.3
"H�meenkyr�","Population density",21.1,21.3,21.3,21.3,21.3,21.4,21.5,21.7,22,22.1,22.2,22.3,22.5,22.6,22.7,22.6,22.8,22.9,23,23,22.8,22.7,22.4,22.3,22.3,22.1,22.2
"H�meenlinna","Population density",34.7,34.8,35,35.1,35.2,35.3,35.5,35.7,35.8,36.1,36.4,36.3,37.2,37.4,37.7,37.8,38,38.1,38.1,38,37.9,37.8,37.9,38,38.1,38.1,38.3
"Ii","Population density",5.5,5.5,5.5,5.4,5.5,5.5,5.5,5.6,5.7,5.8,5.9,5.9,6,6,6.1,6.2,6.2,6.2,6.2,6.2,6.2,6.1,6.1,6.1,6.1,6.1,6
"Iisalmi","Population density",31.1,30.9,30.6,30.3,30,29.9,29.7,29.7,29.5,29.3,29.2,29.2,29.1,29,29,29,29.1,29,28.8,28.5,28.4,28.1,28,27.7,27.5,27.3,27
"Iitti","Population density",13,12.9,12.8,12.8,12.6,12.5,12.5,12.5,12.4,12.3,12.3,12.1,12,11.9,11.9,11.8,11.8,11.8,11.7,11.7,11.6,11.5,11.4,11.2,11.1,11,10.9
"Ikaalinen","Population density",10.5,10.4,10.4,10.3,10.3,10.1,10.1,10.1,10.1,10,10,9.9,9.9,9.9,9.8,9.8,9.7,9.7,9.6,9.5,9.5,9.3,9.3,9.1,9.2,9.1,9.1
"Ilmajoki","Population density",19.5,19.5,19.4,19.5,19.4,19.4,19.3,20,19.9,20,20.2,20.2,20.4,20.5,20.6,20.8,21,21.1,21.1,21.1,21.2,21.1,21.3,21.3,21.4,21.4,21.4
"Ilomantsi","Population density",2.8,2.7,2.6,2.6,2.5,2.5,2.4,2.4,2.3,2.3,2.2,2.2,2.2,2.1,2.1,2.1,2,2,1.9,1.9,1.9,1.8,1.8,1.7,1.7,1.6,1.6
"Imatra","Population density",203.5,201.8,199.4,198.1,196.5,195.3,193.6,192,190.7,189.6,188.1,186.5,185.1,184.1,183.7,182.5,182,180.9,179.6,177.5,175.9,173.7,171,168.2,165.5,162.6,160.8
"Inari","Population density",0.5,0.5,0.5,0.5,0.5,0.5,0.5,0.5,0.5,0.5,0.5,0.5,0.5,0.5,0.4,0.4,0.5,0.5,0.5,0.5,0.5,0.5,0.5,0.5,0.5,0.5,0.5
"Ing�","Population density",14,14,13.9,14,14.3,14.5,14.6,14.8,15.2,15.4,15.6,15.9,16,15.9,15.9,15.8,15.9,15.9,15.8,16,15.7,15.4,15.4,15.2,15.3,15.3,15.3
"Isojoki","Population density",4.4,4.4,4.3,4.2,4.1,4.1,4.1,4,4,4,3.9,3.8,3.7,3.7,3.7,3.6,3.5,3.4,3.3,3.2,3.2,3.1,3,3,2.9,2.9,2.8
"Isokyr�","Population density",14.8,14.7,14.7,14.5,14.4,14.3,14.3,14.3,14.2,14.2,14.2,14.1,14,14,13.9,13.8,13.7,13.7,13.5,13.3,13.2,13,12.8,12.6,12.7,12.4,12.3
"Janakkala","Population density",28,27.9,28.1,28.1,28.1,28.2,28.3,28.6,29,29.4,30,30.3,30.7,30.9,31,30.9,30.8,30.8,30.8,30.5,30.3,30,30,29.7,29.8,29.7,29.5
"Joensuu","Population density",29.5,29.5,29.6,29.7,29.8,29.8,30,30.1,30.3,30.3,30.3,30.4,30.5,30.8,31,31.1,31.3,31.5,31.7,31.8,31.9,32.1,32.3,32.3,32.4,32.5,32.8
"Jokioinen","Population density",31.9,31.7,31.3,31.4,31.4,31.2,31.4,31.7,31.9,31.7,32,32,31.9,31.7,31.5,31.3,31,30.6,30.1,29.6,29.3,28.8,28.5,28.1,28,27.7,27.2
"Jomala","Population density",22.5,22.9,23.2,23.4,23.6,24.2,24.3,24.7,25.3,25.7,26.5,27.5,28.2,28.8,29.8,30.6,31,32,32.6,33.4,34.1,35.3,36.7,37.8,38.6,39.3,39.9
"Joroinen","Population density",10.6,10.4,10.3,10.2,10.1,10,9.9,9.8,9.7,9.7,9.5,9.5,9.4,9.4,9.3,9.2,9.1,9,8.9,8.8,8.5,8.4,8.3,8.2,8,7.9,8
"Joutsa","Population density",6.6,6.5,6.4,6.2,6.2,6.1,6,6,6,6,6,5.9,5.9,5.8,5.7,5.6,5.6,5.5,5.4,5.4,5.3,5.2,5,5,4.9,4.8,4.7
"Juuka","Population density",4.6,4.5,4.4,4.4,4.3,4.2,4.1,4.1,4,4,3.9,3.8,3.8,3.7,3.6,3.5,3.5,3.4,3.4,3.3,3.2,3.1,3.1,3,3,2.9,2.8
"Juupajoki","Population density",9.3,9.2,9.3,9.2,8.9,8.7,8.7,8.8,8.6,8.5,8.5,8.4,8.2,8.1,7.9,7.8,7.9,7.9,7.7,7.6,7.4,7.3,7.1,7,6.9,6.8,6.6
"Juva","Population density",6.8,6.7,6.7,6.6,6.5,6.4,6.4,6.3,6.3,6.3,6.2,6.1,6.1,6,5.9,5.8,5.7,5.7,5.6,5.5,5.4,5.4,5.3,5.1,5.1,5,4.9
"Jyv�skyl�","Population density",95.8,96.8,98,99.4,101,102,103.4,104.9,106.1,106.9,108,109.3,110.7,111.7,112.8,114,115,116,117.3,118.6,119.7,120.7,121.6,122.5,123.4,124.6,126.2
"J�mij�rvi","Population density",11,11,11,10.8,10.7,10.6,10.5,10.4,10.2,10.1,10,9.8,9.6,9.5,9.3,9.3,9.2,9.3,9.1,8.9,8.7,8.4,8.1,8,7.8,7.8,7.8
"J�ms�","Population density",14,13.9,13.8,13.7,13.6,13.5,13.5,13.4,13.3,15,14.9,14.7,14.6,14.4,14.3,14.2,14.1,13.9,13.7,13.5,13.3,13.1,12.8,12.7,12.6,12.3,12.2
"J�rvenp��","Population density",928.1,937.9,946.6,958.8,971.2,977.1,990.8,996.5,997.7,1001.3,1010.9,1018.6,1029.7,1030.1,1037.7,1055.8,1064,1075.9,1089.5,1106.3,1134,1156.4,1164.4,1184.2,1204.7,1215.5,1238.4
"Kaarina","Population density",171.3,173,175.9,178.3,181.9,183.6,185.7,189.4,192.7,196,199.1,201.8,204.6,205.6,206.7,208.6,211.5,213.7,216.7,217.6,220,222.1,225.3,230.1,235.8,238.1,241.3
"Kaavi","Population density",5.9,5.8,5.7,5.6,5.5,5.4,5.4,5.4,5.3,5.3,5.2,5.1,5.1,5,5,4.9,4.8,4.8,4.7,4.7,4.5,4.4,4.3,4.2,4.1,4,3.9
"Kajaani","Population density",21.3,21.3,21.2,21,20.9,20.9,20.7,20.7,20.8,20.7,20.7,20.8,20.8,20.8,20.7,20.7,20.6,20.6,20.5,20.4,20.3,20.2,20,19.9,19.9,19.8,19.9
"Kalajoki","Population density",14.1,14,13.9,13.9,13.7,13.7,13.3,13.3,13.3,13.4,13.5,13.6,13.6,13.6,13.7,13.7,13.7,13.7,13.7,13.6,13.6,13.4,13.4,13.4,13.4,13.3,13.4
"Kangasala","Population density",38,38,38.2,38.8,39.2,39.8,40.5,41.3,42.4,43.1,43.7,44.5,44.9,45.1,45.4,45.8,46.1,46.3,46.5,47.4,47.8,48.1,48.4,49,49.6,50.1,50.9
"Kangasniemi","Population density",6.5,6.4,6.3,6.2,6.2,6.1,6,5.9,5.8,5.8,5.7,5.7,5.6,5.6,5.5,5.5,5.4,5.3,5.3,5.2,5.2,5.1,5,5,4.9,4.8,4.8
"Kankaanp��","Population density",15.2,15.2,15,14.9,14.8,14.6,14.6,14.4,14.3,14.3,14,13.9,13.8,13.7,13.6,13.5,13.5,13.4,13.3,13.1,13,12.9,12.6,12.5,12.4,12.3,12.1
"Kannonkoski","Population density",4,4,3.9,3.9,3.8,3.7,3.6,3.6,3.7,3.7,3.6,3.6,3.6,3.5,3.5,3.5,3.4,3.3,3.3,3.2,3.2,3,3,3,2.9,2.9,2.7
"Kannus","Population density",15.3,15.3,15.1,15,14.8,14.8,13,13,12.7,12.6,12.5,12.3,12.4,12.3,12.2,12.3,12.1,12.1,11.9,11.9,11.8,11.7,11.7,11.6,11.5,11.4,11.2
"Karijoki","Population density",10,9.9,9.7,9.5,9.3,9.2,9.1,9.1,9,8.7,8.5,8.5,8.2,8.2,8.2,8.2,7.9,7.6,7.4,7.3,7.2,6.9,6.7,6.5,6.4,6.5,6.4
"Karkkila","Population density",35.4,35.7,36,36.1,36,36.1,36.1,36.3,36.3,36.8,37.1,37.4,37.6,38,37.9,37.6,37.4,37,37,36.8,36.7,36.2,36,35.9,36,35.5,35.4
"Karstula","Population density",6,6,5.9,5.8,5.7,5.6,5.5,5.5,5.4,5.3,5.3,5.2,5.1,5.1,5,4.9,4.9,4.8,4.8,4.8,4.7,4.5,4.5,4.3,4.3,4.1,4.1
"Karvia","Population density",6.3,6.2,6.1,6,5.9,5.9,5.8,5.7,5.6,5.5,5.5,5.4,5.3,5.3,5.2,5.1,5,5,4.9,4.9,4.8,4.8,4.7,4.6,4.6,4.5,4.4
"Kaskinen","Population density",150.9,150.7,149.1,155.2,154,153.1,154.6,150.7,141.3,143.5,141.6,140.9,137.5,136.2,132.1,130,127,124.6,120.9,121.9,119.8,118.7,117.2,120.2,121.3,118,113.5
"Kauhajoki","Population density",11.7,11.6,11.6,11.4,11.3,11.3,11.2,11.2,11.1,11.1,11.1,11.1,11.1,11,10.9,10.9,10.8,10.8,10.7,10.6,10.5,10.3,10.1,10,9.9,9.8,9.7
"Kauhava","Population density",14.8,14.7,14.6,14.4,14.3,14.1,14.1,14,13.9,13.8,13.7,13.5,13.4,13.2,13.1,13.1,13,12.9,12.8,12.6,12.4,12.2,12,11.8,11.7,11.5,11.5
"Kauniainen","Population density",1443.2,1445.8,1449,1446.1,1448,1454.6,1461.4,1434.7,1435.8,1437.9,1445,1453.2,1465.5,1477.7,1497.8,1512.7,1545.2,1588.6,1610.5,1595.4,1634,1632.4,1663.3,1728,1765,1746,1743.6
"Kaustinen","Population density",12.8,12.7,12.5,12.5,12.5,12.5,12.5,12.4,12.3,12.2,12.1,12.2,12.1,12.2,12.1,12.1,12.1,12.1,12.2,12.1,12.2,12.1,12,11.9,11.9,11.9,11.7
"Keitele","Population density",6.4,6.3,6.2,6.2,6.1,6.1,5.9,5.8,5.7,5.6,5.5,5.4,5.3,5.3,5.2,5.1,5,5,4.9,4.9,4.8,4.6,4.6,4.5,4.3,4.2,4.2
"Kemi","Population density",269.9,265.9,264.2,261.2,258.2,256.2,254.2,252.5,243.6,242.8,237.9,237.2,237,236.4,234.9,233.3,231.8,229.9,228.1,226.5,222.9,220.4,217.1,214.4,209.6,204.4,203.1
"Kemij�rvi","Population density",3.2,3.2,3.1,3,2.9,2.8,2.8,2.7,2.7,2.6,2.5,2.5,2.4,2.4,2.4,2.3,2.3,2.3,2.2,2.2,2.1,2.1,2.1,2.1,2,2,2
"Keminmaa","Population density",14.8,14.7,14.4,14.2,14.1,14.2,14.2,14.1,14.3,14.1,13.9,13.8,13.8,13.7,13.7,13.7,13.7,13.5,13.4,13.3,13.2,13,12.9,12.7,12.6,12.4,12.3
"Kimito�n","Population density",11.5,11.4,11.3,11.3,11.2,11.1,11.1,11,10.8,10.8,10.7,10.6,10.6,10.5,10.4,10.3,10.2,10.1,10.1,10,9.9,9.8,9.7,9.6,9.6,9.5,9.4
"Kempele","Population density",80.9,83.8,86.9,90.2,92.5,95.1,123.9,127.1,131.4,135.4,138.2,139.1,142.1,144.1,146.9,148.8,150.8,153.4,155,157.1,159.3,162.8,166.7,170.7,173.6,175.2,177.2
"Kerava","Population density",970.1,972.8,980.1,984.4,991.3,998.7,1013.7,1019.9,1030.2,1055,1083.6,1095.6,1104.9,1119.6,1128.3,1126.4,1140.2,1153.4,1152.2,1159.4,1160.8,1183.6,1200,1211.4,1215.5,1230,1247.5
"Keuruu","Population density",9.7,9.6,9.5,9.4,9.3,9.1,9,8.9,8.9,8.7,8.7,8.7,8.5,8.5,8.4,8.3,8.2,8.1,8,7.9,7.9,7.8,7.6,7.5,7.5,7.4,7.3
"Kihni�","Population density",7.1,7,6.9,6.8,6.7,6.7,6.7,6.6,6.6,6.5,6.4,6.2,6.3,6.2,6.1,6,5.9,5.8,5.7,5.6,5.5,5.3,5.2,5.1,5.1,5,4.9
"Kinnula","Population density",4.9,4.8,4.7,4.6,4.5,4.4,4.3,4.2,4.2,4.1,4,4,4,4,3.9,3.8,3.8,3.8,3.8,3.7,3.6,3.5,3.5,3.5,3.4,3.4,3.3
"Kirkkonummi","Population density",77.5,79,80.2,81.4,82.9,84.8,86.8,89.8,91.9,94.1,96,98.3,99.7,100.9,101.6,102.6,103.5,104.4,105.6,106.6,107,107.2,108.1,109.4,110.4,111.1,112.3
"Kitee","Population density",11.1,10.9,10.8,10.6,10.5,10.3,10.2,10.1,9.9,9.8,9.7,9.6,9.5,9.3,9.2,9,8.9,8.8,8.6,8.6,8.4,8.3,8.1,7.9,7.9,7.8,7.7
"Kittil�","Population density",0.7,0.7,0.7,0.7,0.7,0.7,0.7,0.7,0.7,0.7,0.7,0.7,0.8,0.8,0.8,0.8,0.8,0.8,0.8,0.8,0.8,0.8,0.8,0.8,0.8,0.8,0.8
"Kiuruvesi","Population density",8.2,8,7.9,7.8,7.7,7.6,7.5,7.4,7.3,7.3,7.2,7.1,7,6.9,6.8,6.8,6.7,6.6,6.5,6.4,6.2,6.1,6,5.9,5.8,5.7,5.6
"Kivij�rvi","Population density",3.5,3.4,3.4,3.3,3.2,3.1,3.1,3,2.9,3,2.9,2.8,2.8,2.8,2.8,2.7,2.6,2.6,2.5,2.4,2.3,2.3,2.3,2.3,2.2,2.2,2.1
"Kokem�ki","Population density",18.7,18.5,18.3,18.1,17.9,17.8,17.6,17.5,17.4,17.2,17.1,16.9,16.8,16.6,16.5,16.4,16.1,16,15.8,15.6,15.4,15,14.8,14.6,14.5,14.4,14.1
"Kokkola","Population density",28.2,28.1,28.1,28.1,28,28,30.6,30.7,30.9,31.1,31.4,31.6,31.8,32,32.3,32.4,32.6,32.7,32.9,33,33,33,33,33,33.1,33.2,33.4
"Kolari","Population density",1.7,1.6,1.6,1.6,1.5,1.5,1.5,1.5,1.5,1.5,1.5,1.5,1.5,1.5,1.5,1.5,1.5,1.5,1.5,1.5,1.5,1.5,1.5,1.5,1.6,1.6,1.6
"Konnevesi","Population density",6.5,6.4,6.3,6.3,6.3,6.2,6.2,6.1,6,6,5.9,5.8,5.8,5.8,5.7,5.7,5.5,5.5,5.4,5.4,5.4,5.3,5.1,5.1,5,4.9,4.9
"Kontiolahti","Population density",14.2,14.4,14.5,14.7,15,15.3,15.5,15.8,16,16.2,16.7,16.9,17.1,17.2,17.5,17.8,18,18.4,18.6,18.5,18.6,18.6,18.5,18.6,18.8,19,18.9
"Korsn�s","Population density",10,9.9,9.8,9.8,9.7,9.7,9.6,9.6,9.4,9.4,9.5,9.4,9.5,9.6,9.5,9.5,9.4,9.4,9.3,9.2,9.1,9,8.8,8.8,8.7,8.6,8.5
"Koski Tl","Population density",13.7,13.6,13.4,13.3,13.3,13.3,13.3,13.3,13.2,13.1,13,12.9,12.8,12.7,12.7,12.8,12.7,12.7,12.5,12.6,12.3,12.2,12.1,12,11.9,11.6,11.5
"Kotka","Population density",207.8,207,205.9,204.4,204.1,203.6,203.5,204.1,202.5,201.7,201.8,201.6,201.9,202.1,202.1,202,201.6,200.4,199.7,199.2,196.8,194.4,191.7,190,188.4,186,185.6
"Kouvola","Population density",36.3,36.2,36,35.7,35.6,35.5,35.3,35.2,35.1,34.9,34.7,34.5,34.5,34.4,34.2,34.1,34,33.8,33.6,33.3,32.9,32.5,32.1,31.7,31.5,31.1,30.8
"Kristinestad","Population density",12.5,12.3,12.2,11.9,11.8,11.7,11.6,11.4,11.2,11,10.8,10.6,10.6,10.5,10.4,10.3,10.3,10,9.9,9.8,9.7,9.7,9.5,9.4,9.3,9.1,9.1
"Kronoby","Population density",9.7,9.7,9.6,9.6,9.5,9.5,9.5,9.5,9.5,9.4,9.4,9.4,9.4,9.4,9.4,9.4,9.4,9.4,9.4,9.3,9.2,9.1,9,9,9,9,8.9
"Kuhmo","Population density",2.5,2.4,2.4,2.3,2.3,2.2,2.2,2.2,2.1,2.1,2.1,2,2,2,1.9,1.9,1.9,1.9,1.8,1.8,1.8,1.7,1.7,1.7,1.6,1.6,1.6
"Kuhmoinen","Population density",4.7,4.6,4.6,4.5,4.5,4.4,4.4,4.3,4.2,4.1,4.1,4,3.9,3.9,3.8,3.7,3.6,3.6,3.5,3.5,3.4,3.4,3.3,3.3,3.3,3.2,3.2
"Kumlinge","Population density",4.6,4.5,4.5,4.2,4.2,4.1,4,3.9,3.6,3.6,3.7,3.6,3.7,3.7,3.6,3.4,3.3,3.3,3.2,3.1,3.2,3.2,3.2,3.1,3.2,3.1,2.9
"Kuopio","Population density",33.6,33.6,33.6,33.6,33.7,33.8,33.9,34,34,34.1,34.2,34.3,34.5,34.7,34.8,35.2,35.5,35.8,36.1,36.3,36.5,36.6,36.8,37.1,37.5,37.8,38.3
"Kuortane","Population density",9.9,9.9,9.8,9.6,9.5,9.4,9.3,9.2,9.1,9,8.8,8.7,8.6,8.5,8.5,8.3,8.3,8.1,8,8,7.9,7.7,7.7,7.6,7.6,7.4,7.3
"Kurikka","Population density",14.6,14.4,14.3,14.1,14,13.9,13.9,13.8,13.7,13.6,13.6,13.4,13.3,13.2,13.1,13,12.9,12.8,12.6,12.5,12.3,12.1,12,11.9,11.7,11.5,11.5
"Kustavi","Population density",6.3,6.3,6.2,6.2,6,6,5.8,5.8,5.6,5.5,5.4,5.5,5.3,5.3,5.3,5.4,5.2,5.4,5.4,5.5,5.6,5.6,5.7,5.8,5.9,5.7,5.7
"Kuusamo","Population density",3.7,3.6,3.6,3.5,3.5,3.5,3.5,3.4,3.4,3.4,3.4,3.4,3.3,3.3,3.3,3.2,3.2,3.2,3.2,3.1,3.1,3.1,3,3.1,3,3,3
"Kyyj�rvi","Population density",4.2,4.2,4.1,4,4,4,3.9,3.8,3.7,3.6,3.5,3.5,3.4,3.4,3.4,3.3,3.2,3.1,3.1,3.1,3,3,2.9,2.9,2.7,2.7,2.6
"K�rk�l�","Population density",20,19.7,19.5,19.7,19.4,19.3,19.4,19.6,19.4,19.3,19.2,19.2,19,19,18.7,18.6,18.5,18.1,18,17.7,17.6,17.4,17,16.9,16.5,16.4,16
"K�rs�m�ki","Population density",4.8,4.8,4.6,4.6,4.5,4.5,4.5,4.4,4.4,4.3,4.3,4.3,4.2,4.1,4.1,4,3.9,3.9,3.8,3.8,3.8,3.8,3.7,3.6,3.6,3.6,3.5
"K�kar","Population density",5.6,5.5,5.4,5.2,5.1,5.3,5.1,5.2,4.8,4.7,4.5,4.1,4.1,4.1,3.9,3.9,3.9,4,3.9,3.9,3.7,3.7,3.6,3.5,3.5,3.5,3.5
"Lahti","Population density",240.5,241.3,242.2,242.7,243.8,244.9,245.6,245.8,246.5,247.4,248.9,250.7,252.4,253.9,255.5,257.2,257.7,258.4,258.5,260,260.2,261.1,260.8,261.1,261.2,261.5,262.6
"Laihia","Population density",14.7,14.7,14.7,14.6,14.7,14.8,14.7,14.8,15,15.2,15.2,15.3,15.5,15.6,15.7,15.9,15.9,16,16,16.1,16,16,15.9,15.8,15.7,15.5,15.2
"Laitila","Population density",16.8,16.7,16.7,16.6,16.5,16.3,16.1,16.1,16.1,16,16,15.9,15.9,15.9,15.8,15.9,16,16.1,16,16,16.2,16.3,16.1,15.9,15.9,15.7,15.9
"Lapinj�rvi","Population density",9.3,9.3,9.2,9.1,9.1,9,9,9,8.9,8.9,8.9,8.9,8.9,8.7,8.6,8.6,8.5,8.4,8.4,8.3,8.2,8.1,7.9,7.9,7.8,7.6,7.4
"Lapinlahti","Population density",10.3,10.2,10.2,10.1,10,9.8,9.8,9.7,9.6,9.7,9.6,9.6,9.6,9.5,9.5,9.4,9.3,9.2,9.1,9,8.8,8.8,8.6,8.5,8.4,8.3,8.2
"Lappaj�rvi","Population density",10.1,10,9.9,9.6,9.4,9.1,9,8.9,8.7,8.6,8.5,8.4,8.3,8.2,8.2,8,7.9,7.7,7.7,7.6,7.5,7.3,7.1,6.9,6.8,6.7,6.6
"Lappeenranta","Population density",48.4,48.4,48.4,48.6,48.9,49,49.1,49.1,49.2,49.2,49.2,49.4,50.1,50.2,50.3,50.5,50.7,50.8,50.8,50.8,50.9,50.7,50.7,50.7,50.7,50.7,50.9
"Lapua","Population density",19.4,19.4,19.3,19.1,18.9,19,19,19,19.1,19.1,19.2,19.3,19.4,19.6,19.7,19.9,19.9,20,19.8,19.7,19.6,19.6,19.4,19.3,19.3,19.1,19
"Laukaa","Population density",25.3,25.4,25.3,25.4,25.5,25.7,26,26.2,26.5,26.8,27.2,27.4,27.7,28,28.2,28.5,28.7,28.9,29.1,29.3,29.3,29.2,29.1,29,29,29,28.9
"Lemi","Population density",14.4,14.5,14.4,14.4,14.5,14.3,14.4,14.3,14.3,14,14,14,14,14.1,14.1,14,14.4,14.3,14.1,14.1,14.1,14,13.6,13.6,13.4,13.2,13.1
"Lemland","Population density",13.5,13.8,13.9,14.2,14.5,15,14.9,15.2,15,15.3,15.7,15.8,15.8,16,16.4,16.7,17,17.2,17.6,17.8,17.9,18,18.1,18.7,18.9,18.8,18.8
"Lemp��l�","Population density",57.3,57.8,58.8,60.1,61.7,62.9,64,65.3,67.7,69.4,71.5,73.3,74.9,76.4,77.5,79.5,81,82.5,83.6,84.4,84.7,86.1,87.3,88.4,89.6,91.2,91.7
"Lepp�virta","Population density",10,9.9,9.8,9.7,9.7,9.7,9.7,9.6,9.7,9.6,9.6,9.5,9.4,9.3,9.2,9,9,8.8,8.8,8.7,8.6,8.5,8.3,8.3,8.2,8.1,8
"Lestij�rvi","Population density",2.3,2.2,2.1,2.2,2.1,2,2,2,2,2,1.9,1.8,1.8,1.8,1.8,1.7,1.7,1.7,1.7,1.7,1.6,1.5,1.5,1.5,1.5,1.4,1.4
"Lieksa","Population density",4.7,4.6,4.5,4.4,4.4,4.3,4.2,4.1,4,4,3.9,3.8,3.7,3.7,3.7,3.6,3.6,3.5,3.4,3.4,3.3,3.2,3.2,3.1,3.1,3,3
"Lieto","Population density",50,51,52.4,53.4,54.1,54.9,55.5,56.2,56.8,57.8,58.4,58.9,59.8,60.6,62,63.2,63.7,63.9,64.1,64.6,65.2,66,66.5,67,67.5,68.2,68.7
"Liminka","Population density",9.1,9,9.1,9,9.3,9.7,10.1,11,11.8,12.5,13.2,13.5,13.9,14.2,14.4,14.8,15,15.3,15.6,15.7,15.9,15.9,16,16.1,16,16.1,16.1
"Liperi","Population density",15.8,15.6,15.5,15.5,15.5,15.4,15.5,15.7,16.2,16.3,16.4,16.6,16.7,16.9,16.9,17.1,17.1,17,17,16.9,16.7,16.7,16.6,16.5,16.5,16.4,16.5
"Lohja","Population density",45.2,45.4,45.9,46.4,46.8,46.9,47.4,47.6,48.3,48.7,49.2,49.7,50,50.4,50.5,50.6,50.8,50.7,50.4,50.2,49.8,49.3,48.9,48.8,49,48.7,48.5
"Loimaa","Population density",21,20.9,20.8,20.7,20.7,20.5,20.4,20.4,20.4,20.3,20.3,20.2,20.1,19.9,19.9,19.7,19.7,19.6,19.4,19.2,19,18.9,18.7,18.6,18.4,18.1,18.2
"Loppi","Population density",12.6,12.7,12.5,12.7,12.7,12.8,12.9,13.1,13.3,13.4,13.6,13.6,13.8,13.8,14,13.9,14,13.9,13.7,13.6,13.4,13.2,13.1,13.1,13,13,12.9
"Loviisa","Population density",19.2,19.1,19,18.9,18.7,18.7,18.6,18.7,18.4,18.4,18.5,18.4,19,19,19,18.9,18.9,18.9,18.7,18.6,18.4,18.2,18,18,17.9,17.8,17.6
"Luhanka","Population density",4.6,4.5,4.4,4.4,4.3,4.3,4.2,4.2,4.1,3.9,4,3.9,3.9,3.9,3.7,3.6,3.6,3.5,3.5,3.5,3.4,3.3,3.2,3.3,3.3,3.2,3.3
"Lumijoki","Population density",5.2,5.2,5.2,8.1,8.2,8.4,8.5,8.6,8.8,9,9,9.1,9.4,9.4,9.6,9.7,9.8,9.7,9.7,9.8,9.7,9.6,9.4,9.5,9.4,9.3,9.5
"Lumparland","Population density",9.8,10.3,10,10.6,10.7,10.3,10.7,10.6,10.7,10.7,10.7,10.7,10.8,10.9,11,10.8,11.4,11.5,10.9,10.6,10.9,10.5,10.1,10.2,10.3,9.9,10.1
"Larsmo","Population density",29.5,29.3,29.6,29.9,30,30.4,30.9,31.4,30.9,31.4,32.1,32.6,33.1,33.8,34.5,34.9,35.6,35.9,36.1,36.3,37,37.5,38,38.8,39.5,40.2,40.9
"Luum�ki","Population density",7.3,7.2,7.1,7.1,7.2,7.2,7.1,7,7.1,7,6.9,6.9,6.9,6.9,6.8,6.7,6.7,6.6,6.5,6.4,6.3,6.2,6.2,6.1,6,5.9,5.9
"Malax","Population density",11.3,11.3,11.1,11,11,10.9,10.9,10.9,10.6,10.6,10.6,10.7,10.8,10.8,10.8,10.7,10.7,10.7,10.6,10.6,10.5,10.5,10.5,10.4,10.5,10.5,10.5
"Mariehamn","Population density",897.2,908.1,904.5,904.1,914.6,916.6,916,923.4,914.3,918.1,924.7,933.4,943.4,949.1,954.4,961.4,965.5,972.8,971.3,980.1,989.6,995.2,989.7,991.9,994.2,995.5,998.5
"Marttila","Population density",11.1,11,10.9,10.9,10.7,10.8,10.7,10.7,10.6,10.6,10.4,10.4,10.3,10.2,10.2,10.3,10.5,10.6,10.4,10.3,10.2,10.3,10.3,10.2,10.2,10.1,9.9
"Masku","Population density",37.2,37,37.7,38.6,39.4,40.2,41,41.8,42.4,43.2,44.8,46.2,46.9,54.1,54.8,55.3,55.6,55.9,55.5,55.3,55.2,54.7,54.6,54.6,55,55.1,55
"Merij�rvi","Population density",6.1,6.1,6.1,6,5.8,5.8,5.7,5.7,5.5,5.5,5.4,5.2,5.3,5.2,5.2,5.1,5,5,4.9,4.9,4.9,4.8,4.7,4.7,4.7,4.6,4.6
"Merikarvia","Population density",9,9,8.8,8.7,8.6,8.4,8.3,8.3,8,7.8,7.7,7.7,7.6,7.5,7.4,7.3,7.2,7.3,7.1,7.1,7.1,7,6.9,6.9,6.8,6.6,6.6
"Miehikk�l�","Population density",6.3,6.2,6.1,6,6,6,5.9,5.8,5.8,5.7,5.6,5.4,5.4,5.2,5.1,5.2,5.1,5,4.9,4.8,4.7,4.6,4.4,4.4,4.3,4.2,4.1
"Mikkeli","Population density",21.5,21.5,21.4,21.4,21.4,21.3,21.3,21.3,21.4,21.4,21.4,21.3,21.3,21.4,21.4,21.4,21.4,21.4,21.5,21.4,21.3,21.1,20.9,20.6,20.5,20.4,20.4
"Muhos","Population density",10.3,10.3,10.3,10.3,10.3,10.4,10.2,10.4,10.5,10.8,11,11.2,11.3,11.3,11.4,11.4,11.5,11.5,11.6,11.5,11.5,11.5,11.4,11.4,11.4,11.3,11.3
"Multia","Population density",3,3,3,2.9,2.9,2.8,2.8,2.8,2.8,2.7,2.7,2.7,2.6,2.6,2.5,2.5,2.4,2.4,2.3,2.3,2.2,2.2,2.1,2.1,2,2,2
"Muonio","Population density",1.5,1.5,1.5,1.5,1.4,1.4,1.3,1.3,1.3,1.3,1.2,1.2,1.2,1.3,1.2,1.3,1.3,1.2,1.2,1.2,1.2,1.2,1.2,1.2,1.2,1.2,1.2
"Korsholm","Population density",19.9,20,19.9,20,20.2,20.4,20.5,20.8,20.5,20.8,21.2,21.4,21.6,22,22.2,22.4,22.6,22.7,22.7,22.8,22.8,22.9,22.9,22.9,23,23.1,23.3
"Muurame","Population density",52,53.3,53.8,55.1,56.2,57.2,57.9,58.5,60.2,61.6,62.4,63.7,64.1,64.3,65.5,66.4,66.4,67.3,68,69,70.1,70.6,70.6,71.3,72.4,72.8,73.2
"Myn�m�ki","Population density",15,15.1,15.1,15.1,15.2,15.3,15.4,15.5,15.5,15.4,15.5,15.4,15.5,15.5,15.5,15.3,15.3,15.2,15.1,15.1,15.1,14.9,14.7,14.7,14.6,14.5,14.5
"Myrskyl�","Population density",10,10.1,10.1,10,9.8,9.9,10,10.1,10.1,10.2,10.1,10,10.1,10,10,9.9,9.9,9.9,9.8,9.9,9.8,9.6,9.4,9.3,9.1,8.8,8.6
"M�nts�l�","Population density",27.3,27.5,28.2,28.6,29.1,29.6,30.1,30.8,31.4,32.1,32.7,33.4,34,34.4,34.7,35.3,35.4,35.5,35.6,35.9,35.8,35.6,35.7,35.8,35.9,36,36.1
"M�ntt�-Vilppula","Population density",24.7,24.5,24.2,23.8,23.6,23.1,22.9,22.6,22.4,22.2,22,21.8,21.5,21.4,21.2,20.8,20.4,20,19.8,19.5,19.2,18.7,18.4,18.1,17.9,17.5,17.3
"M�ntyharju","Population density",7.5,7.4,7.3,7.3,7.2,7.2,7.1,7,7,6.8,6.8,6.7,6.6,6.6,6.5,6.5,6.4,6.4,6.3,6.2,6.2,6,5.9,5.8,5.7,5.7,5.6
"Naantali","Population density",58.3,59.1,59.6,60,61,61.3,62.5,62.9,62.7,63.4,63.9,64.9,65.4,60.4,60.6,60.4,60.5,60.5,60.8,61,61.4,61.6,61.8,62.2,62.6,63.5,64
"Nakkila","Population density",34.7,34.6,34.4,33.2,32.8,32.5,32.4,32,31.9,31.5,31.5,31.6,31.2,31.6,31.6,31.4,31.2,30.9,30.9,30.3,30.2,29.7,29.1,28.7,28.3,27.7,27.1
"Nivala","Population density",21.3,21.1,21,20.9,20.8,20.6,20.6,20.5,20.6,20.7,20.7,20.8,20.9,20.9,20.9,20.8,20.7,20.7,20.6,20.6,20.5,20.3,20.2,19.9,19.7,19.8,19.8
"Nokia","Population density",91.6,91.7,92.3,93.1,94.4,95.7,97.2,98.9,101.2,103.2,105.8,107.4,108.8,109.8,111.2,112.3,113.4,114,115.1,115.2,115.6,116.3,117.7,119.6,121,122.6,123.6
"Nousiainen","Population density",20.7,20.8,21,21.1,21.2,21.6,21.9,22.3,22.7,23.3,24,24.2,24.3,24.5,24.2,24.4,24.5,24.4,24.4,24.2,24.2,23.8,23.7,23.6,23.6,23.3,23.6
"Nurmes","Population density",5.6,5.5,5.4,5.3,5.2,5.1,5,5,4.9,4.8,4.7,4.7,4.6,4.6,4.5,4.5,4.4,4.3,4.3,4.2,4.2,4.1,4,4,3.9,3.8,3.8
"Nurmij�rvi","Population density",85.2,87,89.2,91.3,93.9,96,99.1,100.9,103.3,105,106.8,107.8,109.5,110.4,111.5,112.5,113.8,114.9,115.8,116.1,116.5,117.9,118.8,120.7,121.9,122.8,123.7
"N�rpes","Population density",10.4,10.3,10.2,10.1,9.9,9.9,9.9,9.8,9.7,9.7,9.7,9.7,9.7,9.7,9.6,9.6,9.5,9.6,9.6,9.7,9.7,9.7,9.7,9.8,9.8,9.8,9.8
"Orimattila","Population density",20.2,20,19.9,19.9,20.1,20.2,20.2,20.3,20.6,20.6,20.6,20.7,20.8,20.8,20.8,20.8,20.8,20.7,20.8,20.7,20.7,20.5,20.4,20.2,20.1,20,20
"Orip��","Population density",11.3,11.5,11.6,11.4,11.2,11.3,11.4,11.4,11.4,11.3,11.6,11.8,11.9,12,12.1,12.2,12.1,12,11.7,11.6,11.8,11.6,11.3,11.3,11.4,11.2,11.2
"Orivesi","Population density",16.4,16.4,16.3,16.3,16.4,16.3,16.2,16.3,16.4,11.9,11.9,12,12,12,12,12,12,12,11.8,11.6,11.6,11.5,11.5,11.3,11.2,11.2,11.1
"Oulainen","Population density",14.2,14.1,14.1,14,13.9,14,13.9,13.8,13.8,13.8,13.6,13.7,13.5,13.4,13.5,13.4,13.2,13.1,12.9,12.8,12.7,12.6,12.4,12.2,12.1,12,11.9
"Oulu","Population density",50.1,50.9,51.9,53.2,54.3,55,55.7,56.5,57.3,57.9,58.5,59.4,60.3,61.2,62.1,63,63.9,64.7,65.5,66.1,67.9,68.5,69.1,69.8,70.5,71.3,72.2
"Outokumpu","Population density",19.4,19.2,18.7,18.3,18,17.9,17.6,17.5,17.4,17.4,17.2,16.9,16.8,16.6,16.5,16.5,16.3,16.1,16,15.9,15.7,15.3,15,14.7,14.6,14.5,14.4
"Padasjoki","Population density",7.8,7.7,7.6,7.4,7.3,7.1,7.1,6.9,7,6.9,6.7,6.7,6.6,6.5,6.4,6.4,6.3,6.1,6,5.9,5.8,5.7,5.5,5.5,5.4,5.3,5.2
"Paimio","Population density",40.5,40.6,40.9,41,40.9,41.3,40.9,41,41.4,41.9,42,42.6,43.4,43.6,43.9,44.4,44.4,44.6,44.6,44.9,45,45.4,45.5,45.8,46.3,46.7,47.1
"Paltamo","Population density",5,5,4.9,4.8,4.7,4.6,4.6,4.6,4.5,4.5,4.4,4.3,4.3,4.2,4.1,4.1,3.9,3.9,3.8,3.8,3.7,3.6,3.6,3.5,3.5,3.4,3.3
"Pargas","Population density",17.8,17.7,17.7,17.6,17.6,17.5,17.6,17.6,17.3,17.4,17.4,17.5,17.6,17.6,17.6,17.6,17.6,17.6,17.5,17.4,17.3,17.2,17.1,17.1,17.1,17,17
"Parikkala","Population density",11.8,11.6,11.5,11.2,11.1,10.9,10.7,10.6,10.5,10.4,10.2,10.1,9.9,9.8,9.6,9.4,9.3,9.1,8.8,8.7,8.4,8.2,8,7.9,7.7,7.5,7.4
"Parkano","Population density",9.5,9.3,9.3,9.1,9.1,8.9,8.8,8.7,8.6,8.5,8.4,8.3,8.3,8.2,8.2,8.1,8,8,7.9,7.9,7.7,7.6,7.5,7.4,7.4,7.3,7.2
"Peders�re","Population density",12.9,12.9,12.8,13,13,13,13.2,13.3,13.3,13.4,13.4,13.5,13.6,13.7,13.8,13.8,13.8,13.9,14,13.9,14,13.9,14,14.1,14.1,14.1,14.1
"Pelkosenniemi","Population density",0.7,0.7,0.7,0.7,0.7,0.7,0.6,0.6,0.6,0.6,0.6,0.6,0.6,0.5,0.5,0.5,0.5,0.5,0.5,0.5,0.5,0.5,0.5,0.5,0.5,0.5,0.5
"Pello","Population density",3,2.9,2.8,2.8,2.7,2.7,2.6,2.6,2.6,2.5,2.4,2.4,2.3,2.3,2.3,2.2,2.2,2.1,2.1,2.1,2,2,1.9,1.9,1.9,1.9,1.9
"Perho","Population density",4.4,4.4,4.3,4.2,4.1,4.1,4,4,4.1,4,4,4,4,3.9,3.9,3.9,3.9,3.9,3.9,3.9,3.8,3.8,3.7,3.6,3.6,3.5,3.4
"Pertunmaa","Population density",5.9,5.8,5.7,5.8,5.9,5.8,5.8,5.6,5.6,5.5,5.4,5.3,5.3,5.2,5.1,5,4.9,4.9,4.9,4.8,4.6,4.6,4.5,4.4,4.4,4.3,4.2
"Pet�j�vesi","Population density",8.2,8.3,8.2,8.3,8.2,8.1,8.1,8,8.1,8.2,8.5,8.5,8.7,8.8,8.9,9,9,8.9,8.8,8.7,8.6,8.5,8.4,8.3,8.1,8,7.9
"Pieks�m�ki","Population density",14.5,14.4,14.2,14,13.8,13.6,13.5,13.4,13.4,13.2,13,12.9,12.8,12.7,12.6,12.4,12.3,12.1,12,11.8,11.6,11.4,11.3,11.1,11,10.9,10.9
"Pielavesi","Population density",5.5,5.4,5.3,5.1,5.1,5,4.9,4.8,4.8,4.7,4.6,4.6,4.5,4.4,4.3,4.3,4.2,4.2,4.1,4.1,4,3.9,3.8,3.7,3.7,3.6,3.5
"Jakobstad","Population density",222.5,222.4,221.4,221.2,220.7,220,219.7,220.1,221.2,221.6,221.4,222.7,222.2,222.6,222.2,222.6,222.1,221.3,219.7,219.1,219.1,218,217.2,215.6,215.9,217,220
"Pihtipudas","Population density",5.1,5,4.9,4.9,4.8,4.7,4.6,4.6,4.6,4.5,4.5,4.4,4.3,4.2,4.2,4.1,4.1,4,3.9,3.9,3.8,3.8,3.8,3.7,3.6,3.5,3.5
"Pirkkala","Population density",145.4,147.9,151.7,156.3,163,167.9,175.8,178.7,182.6,187.5,193.9,198.4,203,211.8,218.3,222.7,225.7,229.6,232.3,235.3,236.2,237.9,241,243.2,248.2,250.6,255
"Polvij�rvi","Population density",7,6.9,6.8,6.8,6.7,6.5,6.4,6.3,6.2,6.1,6.1,6,6,6,5.9,5.9,5.8,5.7,5.7,5.6,5.5,5.4,5.3,5.2,5.2,5.1,5.1
"Pomarkku","Population density",9.2,9.1,9,8.8,8.8,8.7,8.7,8.6,8.4,8.4,8.4,8.3,8.2,8.2,8,7.9,7.8,7.6,7.4,7.4,7.2,7.1,6.9,6.8,6.7,6.6,6.5
"Pori","Population density",74.9,74.7,74.5,74.2,74.1,74,74.2,74.2,73.1,73.1,73.2,73.2,73.4,73.6,73.6,73.7,73.9,73.9,73.9,73.6,73.2,73,72.6,72.4,72.2,72,71.9
"Pornainen","Population density",26.3,27.1,27.6,28.2,28.5,29.6,30.2,31.2,32.5,33.1,33.5,34,34.6,34.9,35,35.1,35.1,35.1,35,34.9,35,34.6,34.4,34.6,34.6,34.2,33.9
"Porvoo","Population density",66.9,67.5,68.2,68.7,69.4,69.9,70.6,71.5,71.7,72.4,73.1,73.7,74.2,74.5,74.6,74.9,75.5,76,76.3,76.6,76.6,76.8,77,77.3,78.1,78.3,78.3
"Posio","Population density",1.7,1.6,1.6,1.5,1.5,1.5,1.4,1.4,1.4,1.4,1.3,1.3,1.3,1.3,1.3,1.2,1.2,1.2,1.1,1.1,1.1,1.1,1,1,1,1,1
"Pudasj�rvi","Population density",1.9,1.9,1.8,1.8,1.8,1.7,1.7,1.7,1.7,1.6,1.6,1.6,1.6,1.6,1.5,1.5,1.5,1.5,1.5,1.5,1.4,1.4,1.4,1.4,1.4,1.3,1.3
"Pukkila","Population density",13,13.1,13.4,13.3,13.4,13.5,13.7,13.8,13.9,13.9,13.9,14,13.8,14,13.9,14.1,14,13.9,13.6,13.7,13.4,13.1,12.8,12.6,12.7,12.5,12.3
"Punkalaidun","Population density",10.6,10.5,10.4,10.4,10.1,10,9.8,9.7,9.6,9.5,9.4,9.3,9.2,9.1,9,8.9,8.8,8.6,8.4,8.3,8.2,8,7.8,7.7,7.5,7.4,7.3
"Puolanka","Population density",1.7,1.6,1.6,1.6,1.5,1.5,1.4,1.4,1.4,1.4,1.3,1.3,1.3,1.2,1.2,1.2,1.2,1.1,1.1,1.1,1.1,1.1,1,1,1,1,1
"Puumala","Population density",4,3.9,3.8,3.8,3.7,3.6,3.6,3.6,3.5,3.5,3.4,3.3,3.2,3.1,3,3,2.9,2.9,2.8,2.8,2.8,2.8,2.7,2.7,2.7,2.7,2.7
"Pyht��","Population density",18.8,18.5,18.3,18.2,18.1,18.1,18.1,17.9,17.7,17.8,17.7,17.7,16.4,16.5,16.5,16.6,16.6,16.5,16.4,16.4,16.2,16,15.8,15.8,15.8,15.8,15.6
"Pyh�joki","Population density",7,6.9,6.8,6.7,6.6,6.6,6.6,6.5,6.4,6.3,6.3,6.2,6.2,6.3,6.2,6.1,6.2,6.1,5.9,5.9,5.9,5.8,5.7,5.6,5.6,5.5,5.5
"Pyh�j�rvi","Population density",5.5,5.4,5.2,5.1,5,4.9,4.8,4.8,4.8,4.8,4.7,4.6,4.6,4.5,4.5,4.5,4.4,4.2,4.2,4.2,4.1,4,3.9,3.8,3.8,3.7,3.6
"Pyh�nt�","Population density",2.5,2.4,2.4,2.4,2.3,2.3,2.3,2.2,2.3,2.2,2.2,2.1,2,2,2,1.9,1.9,1.9,2,1.9,1.9,1.9,1.9,2,2,2,2
"Pyh�ranta","Population density",16.5,16.3,16.3,16.2,15.9,16.1,16,15.8,15.5,15.5,15.5,15.6,15.6,15.6,15.4,15.3,15.2,14.9,14.9,14.5,14.5,14.1,14,13.9,13.8,13.7,13.4
"P�lk�ne","Population density",11.9,11.9,11.9,12,11.9,11.9,12,12.1,12.2,12.3,12.4,12.5,12.5,12.4,12.3,12.2,12.1,12,11.9,11.8,11.7,11.6,11.5,11.4,11.5,11.3,11.3
"P�yty�","Population density",11.1,11.1,11.1,11.1,11,11,11.1,11.1,11.2,11.1,11.2,11.2,11.3,11.3,11.3,11.4,11.5,11.5,11.4,11.3,11.2,11.1,11,11,11,10.9,10.8
"Raahe","Population density",27.2,26.9,26.7,26.5,26.3,26.1,25.8,25.7,25.4,25.3,25.3,25.4,25.3,25.3,25.3,25.3,25.2,25,24.8,24.7,24.6,24.5,24.3,24,23.9,23.7,23.5
"Raseborg","Population density",24.8,24.8,24.8,24.8,24.9,24.9,24.9,24.8,24.7,24.8,25,25.1,25.2,25.3,25.2,25.1,25,25,24.7,24.5,24.3,24,24,24,23.9,23.8,23.6
"Raisio","Population density",467.5,469.3,472.9,473.5,474.9,477,479.2,482.6,488.7,492.1,494.4,495.8,496.1,501,503.7,503.7,503.8,499.8,498.2,498,497,495.9,493.4,500.6,508.8,511.5,519.5
"Rantasalmi","Population density",8.6,8.4,8.3,8.2,8.1,8,7.9,7.8,7.8,7.7,7.6,7.4,7.3,7.1,7.1,7,6.9,6.8,6.7,6.5,6.4,6.3,6.1,6,6,5.9,5.9
"Ranua","Population density",1.6,1.5,1.5,1.5,1.4,1.4,1.4,1.4,1.4,1.3,1.3,1.3,1.3,1.3,1.2,1.2,1.2,1.2,1.2,1.2,1.2,1.1,1.1,1.1,1.1,1,1
"Rauma","Population density",84.2,84,83.6,83.1,82.7,82.7,82.3,81.9,81.5,81.3,80.8,80.2,80.3,80.1,80.3,80.4,80.7,80.6,80.3,79.9,79.9,79.4,79,78.7,78.5,77.9,78.2
"Rautalampi","Population density",7.5,7.3,7.2,7,7,6.9,6.8,6.8,6.8,6.7,6.7,6.6,6.5,6.4,6.5,6.4,6.4,6.3,6.1,6.1,6,5.9,5.8,5.7,5.6,5.5,5.4
"Rautavaara","Population density",2.3,2.2,2.1,2.1,2,1.9,1.9,1.9,1.8,1.8,1.7,1.7,1.7,1.6,1.6,1.6,1.6,1.5,1.5,1.5,1.5,1.4,1.4,1.4,1.3,1.3,1.2
"Rautj�rvi","Population density",14,13.6,13.2,13,12.9,12.7,12.5,12.2,12.1,12,11.9,11.6,11.5,11.2,10.9,10.8,10.5,10.3,10.1,9.9,9.8,9.5,9.2,8.9,8.8,8.8,8.6
"Reisj�rvi","Population density",7.1,7,6.9,6.8,6.8,6.7,6.6,6.6,6.5,6.5,6.4,6.3,6.4,6.3,6.3,6.2,6.2,6.1,6.1,6,5.9,5.8,5.7,5.7,5.7,5.6,5.5
"Riihim�ki","Population density",215,214.9,216.1,216.6,217.4,218,220.6,222.2,223.7,227.3,231.6,235.8,236.2,238,239.8,241.4,242.2,242.5,241.8,240.9,239.8,237.5,238,237.3,235.7,234.3,235.4
"Ristij�rvi","Population density",2.3,2.2,2.2,2.1,2.1,2,2,2,1.9,1.9,1.9,1.9,1.8,1.8,1.8,1.7,1.7,1.7,1.6,1.6,1.6,1.5,1.5,1.5,1.4,1.4,1.4
"Rovaniemi","Population density",7.6,7.6,7.6,7.5,7.5,7.5,7.5,7.6,7.6,7.7,7.8,7.8,7.9,7.9,8,8,8.1,8.1,8.2,8.2,8.2,8.3,8.3,8.4,8.5,8.5,8.6
"Ruokolahti","Population density",6.9,6.8,6.8,6.7,6.6,6.5,6.5,6.4,6.4,6.4,6.2,6.2,6.1,6,5.9,5.9,5.8,5.7,5.6,5.6,5.5,5.4,5.3,5.2,5.2,5.1,5.1
"Ruovesi","Population density",7.5,7.5,7.4,7.3,7.2,7.1,7,7,7,6.8,6.7,6.6,6.6,6.5,6.4,6.3,6.1,6,6,5.9,5.7,5.7,5.5,5.4,5.3,5.3,5.3
"Rusko","Population density",38.5,39.1,39.7,40.6,41.9,42.5,43.1,44,44.4,44.9,45,45.3,45.8,45.8,46.2,46.5,47.2,47.5,48.1,48.3,49.3,49.2,49.8,50,50.2,50.6,50.6
"R��kkyl�","Population density",7.6,7.5,7.4,7.4,7.2,7.1,6.9,6.9,6.6,6.5,6.4,6.2,6.1,6,5.9,5.8,5.8,5.7,5.5,5.3,5.2,5.1,5,4.8,4.8,4.6,4.4
"Saarij�rvi","Population density",9.5,9.4,9.4,9.3,9.2,9,9,8.9,8.8,8.7,8.6,8.6,8.5,8.5,8.3,8.2,8.1,8.1,7.9,7.7,7.7,7.5,7.4,7.4,7.3,7.2,7.1
"Salla","Population density",1,1,0.9,0.9,0.9,0.8,0.8,0.8,0.8,0.8,0.8,0.8,0.7,0.7,0.7,0.7,0.7,0.7,0.7,0.6,0.6,0.6,0.6,0.6,0.6,0.6,0.6
"Salo","Population density",25.9,26,26.2,26.4,26.6,26.6,26.6,26.8,27,27.2,27.4,27.6,27.6,27.8,27.8,27.6,27.4,27.3,27.1,27,26.7,26.3,26.1,25.9,25.9,25.6,25.7
"Saltvik","Population density",10.8,10.9,11.1,11.1,11.4,11.4,11.6,11.4,11.4,11.2,11.4,11.5,11.8,11.8,11.9,12,11.9,12,12,12.1,12.3,12.2,12.1,11.9,11.9,11.8,11.8
"Sastamala","Population density",18.5,18.4,18.4,18.3,18.2,18.1,18.1,18.1,18.1,18.1,18.1,18.1,18,18,18,18,17.8,17.8,17.7,17.5,17.4,17.3,17,16.8,16.8,16.6,16.5
"Sauvo","Population density",11.2,11.2,11.4,11.3,11.3,11.4,11.5,11.5,11.6,11.5,11.7,12,12,12.1,12.1,12,12,11.9,12,12.1,11.9,11.9,11.7,11.7,11.7,11.5,11.8
"Savitaipale","Population density",8.3,8.3,8.2,8.2,8,8,7.8,7.7,7.6,7.7,7.5,7.5,7.3,7.2,7,7,6.9,6.8,6.7,6.6,6.5,6.4,6.3,6.2,6,6,6
"Savonlinna","Population density",17.8,17.6,17.4,17.2,17.1,17,16.9,16.8,17.2,17.1,17,16.7,16.6,16.5,16.5,16.3,16.2,16.1,15.9,15.7,15.5,15,14.7,14.6,14.5,14.3,14.2
"Savukoski","Population density",0.2,0.2,0.2,0.2,0.2,0.2,0.2,0.2,0.2,0.2,0.2,0.2,0.2,0.2,0.2,0.2,0.2,0.2,0.2,0.2,0.2,0.2,0.2,0.2,0.2,0.2,0.2
"Sein�joki","Population density",35.4,35.7,35.9,36.1,36.5,36.9,37.3,37.2,37.7,38.1,38.7,39.3,39.8,40.4,41,41.6,42.2,42.5,43,43.3,43.8,44.2,44.5,44.8,45.2,45.6,46.2
"Sievi","Population density",6.4,6.4,6.5,6.6,6.5,6.6,6.6,6.6,6.6,6.6,6.7,6.7,6.7,6.7,6.7,6.7,6.6,6.5,6.5,6.4,6.4,6.3,6.2,6.1,6.1,6,6
"Siikainen","Population density",4.5,4.5,4.3,4.2,4.1,4.1,4.1,3.9,3.9,3.9,3.8,3.6,3.6,3.6,3.6,3.5,3.5,3.4,3.3,3.2,3.2,3.1,3.1,3,2.9,2.8,2.8
"Siikajoki","Population density",6.1,6,5.9,5.8,5.7,5.6,5.6,5.5,5.6,5.6,5.6,5.5,5.5,5.4,5.4,5.3,5.3,5.3,5.2,5.1,5.1,5,4.9,4.8,4.8,4.6,4.6
"Siikalatva","Population density",3.7,3.6,3.5,3.3,3.3,3.2,3.2,3.1,3.1,3,3,2.9,2.9,2.8,2.8,2.8,2.7,2.7,2.6,2.6,2.5,2.4,2.4,2.4,2.4,2.3,2.3
"Siilinj�rvi","Population density",48.3,48.7,48.6,49,49.1,49.4,50,50.2,50.5,51.4,51.7,51.8,52.3,52.4,53.1,53.4,53.8,54,54.4,54.3,54,54.1,53.4,53,53.1,52.9,53.1
"Simo","Population density",2.8,2.7,2.7,2.7,2.6,2.6,2.5,2.5,2.5,2.5,2.5,2.5,2.4,2.4,2.4,2.4,2.3,2.3,2.2,2.2,2.1,2.1,2.1,2,2,2,2
"Sipoo","Population density",44.3,45.8,47.1,48,48.8,49.9,50.5,50.7,51.4,52.4,53.5,52.5,53.1,53.7,54.6,55.2,55.7,56,57.1,58.7,59.8,60.9,62.3,63.8,65.3,65.7,66.5
"Siuntio","Population density",18.6,19.2,19.5,20.1,20.4,20.7,21.4,22,22.5,23.1,24,24.3,25,25.3,25.5,25.6,25.6,25.7,25.6,25.6,25.5,25.4,25.5,25.5,25.7,25.8,25.5
"Sodankyl�","Population density",0.9,0.9,0.9,0.8,0.8,0.8,0.8,0.8,0.8,0.8,0.8,0.8,0.8,0.8,0.8,0.8,0.8,0.8,0.8,0.7,0.7,0.7,0.7,0.7,0.7,0.7,0.7
"Soini","Population density",5.2,5.1,5.1,5.1,4.9,4.9,4.9,4.8,4.7,4.7,4.6,4.4,4.4,4.3,4.3,4.2,4.1,4.1,4,4,3.8,3.8,3.7,3.6,3.6,3.5,3.4
"Somero","Population density",14.7,14.6,14.6,14.6,14.5,14.5,14.5,14.5,14.4,14.3,14.2,14.2,14.1,14,13.9,13.8,13.7,13.7,13.6,13.5,13.4,13.2,13,12.9,12.8,12.6,12.6
"Sonkaj�rvi","Population density",3.8,3.7,3.7,3.6,3.5,3.4,3.4,3.4,3.4,3.3,3.3,3.2,3.2,3.2,3.1,3.1,3,3,2.9,2.9,2.8,2.7,2.7,2.6,2.6,2.5,2.5
"Sotkamo","Population density",4.3,4.3,4.2,4.2,4.1,4.1,4,4,4,4.1,4,4,4,4,4,4,4,4,4,4,3.9,3.9,3.9,3.9,3.9,3.9,3.9
"Sottunga","Population density",4.9,4.7,4.6,4.8,4.8,4.9,5,4.9,4.5,4.3,4.1,4.1,4.5,4.2,3.7,3.6,3.6,3.6,3.5,3.4,3.3,3.2,3.1,3.6,3.7,4,4.1
"Sulkava","Population density",6.2,6.1,6,5.9,5.8,5.7,5.6,5.5,5.5,5.4,5.3,5.2,5.1,5,4.9,4.9,4.8,4.8,4.7,4.6,4.4,4.3,4.3,4.2,4.2,4.1,4.1
"Sund","Population density",9.1,9,9.3,9.3,9.3,9.5,9.6,9.4,9.5,9.6,9.7,9.5,9.5,9.4,9.5,9.6,9.5,9.6,9.5,9.3,9.5,9.5,9.5,9.3,9.4,9.3,9.2
"Suomussalmi","Population density",2.2,2.2,2.1,2.1,2,2,2,1.9,1.9,1.9,1.8,1.8,1.8,1.7,1.7,1.7,1.6,1.6,1.6,1.6,1.5,1.5,1.5,1.4,1.4,1.4,1.4
"Suonenjoki","Population density",11.7,11.5,11.4,11.2,11.1,11,10.8,10.9,10.9,10.8,10.8,10.7,10.7,10.6,10.6,10.5,10.4,10.4,10.4,10.2,10.2,10,9.9,9.7,9.7,9.5,9.4
"Sysm�","Population density",7.7,7.6,7.5,7.4,7.3,7.2,7.1,7.1,7,6.9,6.9,6.8,6.6,6.5,6.4,6.3,6.2,6.1,6.1,5.9,5.8,5.6,5.5,5.4,5.4,5.3,5.2
"S�kyl�","Population density",20.6,20.5,20.4,20,19.7,19.6,19.5,19.4,19.4,19.2,18.9,18.7,18.6,18.5,18.4,18.2,17.8,17.7,17.4,17.2,17,16.7,16.5,16.3,16.2,15.8,15.7
"Taipalsaari","Population density",11.9,11.7,11.7,11.7,13.6,13.7,13.9,14,14.2,14.4,14.4,14.2,14.2,14.2,14.1,14,14,13.9,14,14,13.8,13.7,13.6,13.4,13.3,13.2,13.4
"Taivalkoski","Population density",2.2,2.2,2.1,2.1,2,2,2,1.9,1.9,1.9,1.9,1.9,1.8,1.8,1.8,1.8,1.7,1.7,1.7,1.7,1.7,1.7,1.6,1.6,1.6,1.6,1.5
"Taivassalo","Population density",13.5,13.4,13.4,13.3,12.9,12.8,12.9,12.8,12.4,12.4,12.3,12.2,12,12.1,12,12,11.9,11.7,11.6,11.6,11.8,11.8,11.7,11.8,12,12.1,12.1
"Tammela","Population density",9.7,9.9,9.9,9.9,10,10.1,10,10.1,10.2,10.3,10.4,10.3,10.3,10.3,10.2,10.2,10.1,10,9.8,9.7,9.6,9.5,9.4,9.4,9.3,9.2,9.1
"Tampere","Population density",361.1,365.9,369.6,374,378.4,382.3,384.5,388.2,390.4,394.2,397.1,399.2,402.8,406.1,409.8,414.1,419.9,424.7,428.9,434.9,441.7,448.1,453.6,459.1,465.3,474.4,485.8
"Tervo","Population density",6.1,5.9,5.8,5.7,5.6,5.5,5.5,5.4,5.3,5.1,5.2,5,5,4.9,4.9,4.9,4.8,4.7,4.6,4.6,4.6,4.5,4.4,4.3,4.3,4.1,4.1
"Tervola","Population density",2.6,2.6,2.5,2.5,2.5,2.4,2.4,2.4,2.4,2.3,2.3,2.2,2.2,2.2,2.2,2.1,2.1,2.1,2,2,2,2,1.9,1.9,1.8,1.8,1.8
"Teuva","Population density",12.4,12.2,12.1,11.9,11.7,11.5,11.4,11.4,11.2,11.1,11.1,11,10.7,10.7,10.5,10.4,10.2,10,9.9,9.7,9.5,9.3,9.2,9,8.9,8.8,8.6
"Tohmaj�rvi","Population density",7.3,7.2,7.1,7,6.9,6.8,6.7,6.6,6.5,6.4,6.3,6.2,6.1,6,6,5.8,5.8,5.7,5.7,5.6,5.5,5.3,5.2,5.1,5.1,5,4.9
"Toholampi","Population density",6.9,6.9,6.7,6.7,6.6,6.5,5.9,5.9,6,6,5.9,5.8,5.7,5.7,5.7,5.6,5.6,5.5,5.4,5.3,5.2,5.1,5,4.9,4.8,4.8,4.7
"Toivakka","Population density",6.7,6.7,6.6,6.5,6.5,6.5,6.6,6.5,6.5,6.5,6.5,6.5,6.6,6.7,6.8,6.8,6.8,6.8,6.7,6.7,6.6,6.7,6.6,6.6,6.6,6.7,6.6
"Tornio","Population density",19.5,19.3,19.2,19.1,19,18.7,18.8,18.8,18.8,18.8,18.8,18.9,18.9,19,19,18.9,18.8,18.8,18.7,18.6,18.5,18.4,18.2,18.1,17.9,17.9,17.7
"Turku","Population density",693.5,702.4,707.2,709.1,713.7,717.5,719.3,718.4,711.8,713.8,713.6,714.8,716.7,721.8,727.1,733.6,741.2,748.3,756.7,763.6,772,778.8,785.5,791.3,794.4,805.7,821.8
"Tuusniemi","Population density",6.3,6.1,6,5.9,5.8,5.7,5.6,5.6,5.5,5.5,5.4,5.3,5.3,5.3,5.2,5.1,5.2,5.1,5,4.9,4.8,4.7,4.6,4.5,4.5,4.4,4.3
"Tuusula","Population density",136.4,138.4,141.9,145.5,149.8,151.9,154.5,157.1,158.9,161.4,163.8,165.7,167.5,169.5,171.6,172.8,173.7,174,175.2,175.8,176.1,176.1,175.8,176.7,180.9,184,188.3
"Tyrn�v�","Population density",9.6,9.6,9.7,10.4,10.5,10.8,11.1,11.6,11.7,12,12.4,12.5,12.8,13,13.1,13.4,13.5,13.7,13.8,13.7,13.7,13.7,13.5,13.4,13.4,13.3,13.3
"Ulvila","Population density",35.6,35.5,35.3,35.1,35,34.8,34.6,34.7,34.4,34.4,34.2,34.2,34.2,34,33.8,33.6,33.3,33.3,33.3,33.2,33,32.5,32.1,31.8,31.6,31.4,31.3
"Urjala","Population density",12.1,12.1,12,12,11.8,11.8,11.7,11.6,11.7,11.6,11.6,11.4,11.3,11.2,11,10.9,10.7,10.5,10.4,10.2,10.2,10.1,9.9,9.8,9.8,9.6,9.6
"Utaj�rvi","Population density",2.1,2.1,2,2,2,2,2,1.9,1.9,1.9,1.9,1.8,1.8,1.8,1.8,1.8,1.8,1.7,1.7,1.7,1.7,1.6,1.6,1.6,1.5,1.5,1.5
"Utsjoki","Population density",0.3,0.3,0.3,0.3,0.3,0.3,0.3,0.3,0.3,0.3,0.3,0.3,0.3,0.3,0.3,0.2,0.2,0.2,0.2,0.2,0.2,0.2,0.2,0.2,0.2,0.2,0.2
"Uurainen","Population density",8.8,8.8,8.9,8.9,8.9,8.9,8.8,8.9,9,9.1,9.4,9.5,9.7,9.9,10.1,10.3,10.3,10.4,10.5,10.7,10.8,10.9,10.6,10.5,10.4,10.3,10.4
"Nykarleby","Population density",10.5,10.5,10.4,10.4,10.3,10.3,10.3,10.3,10.1,10.1,10.1,10.1,10.2,10.2,10.3,10.3,10.3,10.3,10.3,10.3,10.3,10.2,10.2,10.2,10.2,10.1,10.2
"Uusikaupunki","Population density",35.6,35.5,34.9,34.5,34.2,33.9,33.3,33,32.2,31.9,31.7,31.6,31.6,31.5,31.2,30.8,30.8,31,30.9,30.7,31.3,31.2,30.9,30.6,30.7,30,29.7
"Vaala","Population density",3.3,3.2,3.1,3.1,3,3,2.9,2.8,2.9,2.8,2.7,2.7,2.6,2.6,2.5,2.5,2.5,2.4,2.4,2.3,2.3,2.2,2.1,2.1,2.1,2,2
"Vaasa","Population density",170.3,171,171.1,171.3,172,171.7,172,172,169.8,170.9,172,173.7,175.3,176.5,178.8,180.3,182.1,183.7,185.5,185.5,184.8,185.2,185.5,185.2,185.4,186.4,189
"Valkeakoski","Population density",76.1,75.9,75.6,75.1,74.8,74.8,75,75,75,74.9,74.9,75.5,75.8,76.6,77.3,77.9,77.7,77.8,78.4,78.5,77.7,77.7,77.1,76.3,76.1,76.1,76.1
"Vantaa","Population density",711.2,721.9,732.4,741,746.8,755.2,764.2,769.9,778.6,788.4,800.1,819.7,829.1,839.3,851.6,861.3,873,884.4,900.3,920.2,935.6,957.2,980.7,995.2,1003.5,1018.6,1038
"Varkaus","Population density",66.4,65.8,65.1,64.5,64.1,63.6,63.2,62.9,62,61.2,60.6,60,59.4,59,58.6,57.9,57.3,56.7,56.1,55.7,54.9,54,53.1,52.6,51.8,51.2,51.2
"Vehmaa","Population density",13.6,13.8,13.4,13.5,13.4,13.3,13.1,13,13.1,13.1,13,13,12.7,12.6,12.5,12.3,12.3,12.4,12.1,12.1,12.3,12.1,12.1,12.1,12,11.8,11.9
"Vesanto","Population density",7.1,7,6.8,6.6,6.5,6.4,6.3,6.4,6.1,6,5.9,5.8,5.7,5.7,5.7,5.5,5.4,5.3,5.2,5.1,5,4.9,4.8,4.7,4.6,4.5,4.5
"Vesilahti","Population density",10.9,11,11.2,11.3,11.5,11.9,12.1,12.2,12.7,13.1,13.6,14.1,14.5,14.4,14.6,14.7,14.9,14.9,14.9,14.8,14.8,14.6,14.5,14.5,14.8,15,14.8
"Veteli","Population density",7.8,7.8,7.6,7.5,7.4,7.3,7.3,7.2,7.2,7,7,7,6.9,6.9,6.8,6.7,6.6,6.7,6.6,6.5,6.4,6.3,6.2,6.1,6,5.9,5.8
"Vierem�","Population density",4.9,4.9,4.8,4.7,4.6,4.6,4.5,4.5,4.5,4.4,4.4,4.4,4.3,4.3,4.3,4.2,4.2,4.1,4.1,4,4,4,3.9,3.8,3.8,3.7,3.7
"Vihti","Population density",44.5,44.8,45.2,45.7,46.4,47.4,47.8,49,49.6,50.6,51.8,52.9,53.4,54.2,54.7,54.9,55.4,55.5,55.4,55.5,55.7,56,55.9,55.9,56,55.4,55.2
"Viitasaari","Population density",6.6,6.4,6.4,6.3,6.2,6.2,6.1,6,6,6,5.9,5.9,5.8,5.7,5.7,5.6,5.5,5.4,5.3,5.3,5.1,5,4.9,4.9,4.9,4.8,4.7
"Vimpeli","Population density",12.6,12.6,12.5,12.3,12,12,11.8,11.8,11.9,11.8,11.6,11.5,11.5,11.3,11.2,11.2,11,10.8,10.7,10.5,10.4,10.1,9.8,9.7,9.6,9.3,9.2
"Virolahti","Population density",10.7,10.7,10.6,10.5,10.3,10.2,10.1,10,9.8,9.7,9.7,9.5,9.5,9.5,9.4,9.4,9.2,9.1,9,8.8,8.6,8.5,8.4,8.3,8.2,8,7.9
"Virrat","Population density",7.4,7.4,7.3,7.1,7,6.9,6.9,6.8,6.8,6.7,6.6,6.6,6.5,6.5,6.4,6.4,6.3,6.2,6,5.9,5.9,5.8,5.6,5.6,5.6,5.5,5.4
"V�rd�","Population density",3.9,3.9,4,4,4,4,4.1,4.2,4.2,4.3,4.4,4.4,4.4,4.5,4.4,4.2,4.3,4.3,4.3,4.3,4.2,4.4,4.4,4.5,4.6,4.4,4.6
"V�r�","Population density",9.2,9.2,9.1,9,8.9,8.8,8.8,8.8,8.6,8.5,8.6,8.5,8.6,8.6,8.6,8.5,8.6,8.6,8.6,8.5,8.5,8.5,8.3,8.2,8.2,8,8
"Ylitornio","Population density",2.9,2.8,2.8,2.7,2.7,2.6,2.6,2.6,2.6,2.5,2.4,2.4,2.4,2.3,2.3,2.2,2.2,2.1,2.1,2.1,2,2,1.9,1.9,1.9,1.9,1.9
"Ylivieska","Population density",23.5,23.3,23.4,23.3,23.3,23.3,23.2,23.5,23.7,23.9,24,24.3,24.4,24.7,25.1,25.6,25.9,26.3,26.4,26.7,26.8,26.7,26.8,26.9,27,26.8,27
"Yl�j�rvi","Population density",22,22.2,22.5,22.7,23.1,23.4,23.8,24.4,25,25.5,26.1,26.7,27.1,27.3,27.7,28.3,28.5,28.9,29.3,29.4,29.5,29.6,29.8,29.9,30.1,30.1,30.2
"Yp�j�","Population density",15.2,15.2,15.1,15,14.8,14.5,14.7,14.7,14.7,14.5,14.5,14.4,14.1,14,14,13.7,13.6,13.5,13.2,13,13,12.9,12.8,12.7,12.5,12.2,12.1
"�ht�ri","Population density",9.2,9.2,9,9,8.9,8.8,8.7,8.6,8.6,8.5,8.4,8.2,8.2,8.1,8,7.9,7.8,7.7,7.5,7.4,7.3,7.1,7,6.9,6.8,6.7,6.6
"��nekoski","Population density",23.7,23.6,23.5,23.3,23.1,23,23,23,23,23,23.1,23,22.9,22.9,23,22.9,22.7,22.5,22.2,21.9,21.6,21.3,21.2,21,20.7,20.5,20.3
